[
    {
        "Command": "extract_all_wwev_to_ogg_from",
        "Filter": "Play_Weapons2",
        "InputFolderPath": "C:\\Program Files\\Epic Games\\HITMAN3\\Runtime\\"
    },
    {
        "Command": "execute_system_command",
        "CommandLine": "copy John_Wick_Silenced_Pistol_1.wem WWEV\\chunk0.rpkg\\Play_Weapons2\\wem\\20.wem"
    },
    {
        "Command": "execute_system_command",
        "CommandLine": "copy John_Wick_Silenced_Pistol_1.wem WWEV\\chunk0.rpkg\\Play_Weapons2\\wem\\21.wem"
    },
    {
        "Command": "execute_system_command",
        "CommandLine": "copy John_Wick_Silenced_Pistol_1.wem WWEV\\chunk0.rpkg\\Play_Weapons2\\wem\\22.wem"
    },
    {
        "Command": "execute_system_command",
        "CommandLine": "copy John_Wick_Silenced_Pistol_1.wem WWEV\\chunk0.rpkg\\Play_Weapons2\\wem\\23.wem"
    },
    {
        "Command": "execute_system_command",
        "CommandLine": "copy John_Wick_Silenced_Pistol_1.wem WWEV\\chunk0.rpkg\\Play_Weapons2\\wem\\24.wem"
    },
    {
        "Command": "execute_system_command",
        "CommandLine": "copy John_Wick_Silenced_Pistol_1.wem WWEV\\chunk0.rpkg\\Play_Weapons2\\wem\\41.wem"
    },
    {
        "Command": "execute_system_command",
        "CommandLine": "copy John_Wick_Silenced_Pistol_1.wem WWEV\\chunk0.rpkg\\Play_Weapons2\\wem\\42.wem"
    },
    {
        "Command": "execute_system_command",
        "CommandLine": "copy John_Wick_Silenced_Pistol_1.wem WWEV\\chunk0.rpkg\\Play_Weapons2\\wem\\43.wem"
    },
    {
        "Command": "execute_system_command",
        "CommandLine": "copy John_Wick_Silenced_Pistol_1.wem WWEV\\chunk0.rpkg\\Play_Weapons2\\wem\\44.wem"
    },
    {
        "Command": "execute_system_command",
        "CommandLine": "copy John_Wick_Silenced_Pistol_1.wem WWEV\\chunk0.rpkg\\Play_Weapons2\\wem\\45.wem"
    },
    {
        "Command": "rebuild_all_wwev_in",
        "InputFolderPath": "WWEV\\chunk0.rpkg\\Play_Weapons2"
    },
    {
        "Command": "execute_system_command",
        "CommandLine": "mkdir chunk0patch1"
    },
    {
        "Command": "execute_system_command",
        "CommandLine": "copy WWEV\\chunk0.rpkg\\Play_Weapons2\\*.WWEV chunk0patch1\\"
    },
    {
        "Command": "execute_system_command",
        "CommandLine": "copy WWEV\\chunk0.rpkg\\Play_Weapons2\\*.WWEV.meta chunk0patch1\\"
    },
    {
        "Command": "generate_rpkg_from",
        "InputFolderPath": "chunk0patch1"
    }
]