[
    {
        "Command": "extract_all_wwev_to_ogg_from",
        "Filter": "Play_SFX_KillAI,Play_SFX_PrecisionKill",
        "InputFolderPath": "C:\\Program Files\\Epic Games\\HITMAN3\\Runtime\\"
    },
    {
        "Command": "execute_system_command",
        "CommandLine": "for %f in (WWEV\\chunk0.rpkg\\Play_SFX_KillAI\\wem\\*.wem) do copy blank.wem %f"
    },
    {
        "Command": "rebuild_all_wwev_in",
        "InputFolderPath": "WWEV\\chunk0.rpkg\\Play_SFX_KillAI"
    },
    {
        "Command": "execute_system_command",
        "CommandLine": "for %f in (WWEV\\chunk0.rpkg\\Play_SFX_PrecisionKill\\wem\\*.wem) do copy blank.wem %f"
    },
    {
        "Command": "rebuild_all_wwev_in",
        "InputFolderPath": "WWEV\\chunk0.rpkg\\Play_SFX_PrecisionKill"
    },
    {
        "Command": "execute_system_command",
        "CommandLine": "mkdir chunk0patch1"
    },
    {
        "Command": "execute_system_command",
        "CommandLine": "copy WWEV\\chunk0.rpkg\\Play_SFX_KillAI\\*.WWEV chunk0patch1\\"
    },
    {
        "Command": "execute_system_command",
        "CommandLine": "copy WWEV\\chunk0.rpkg\\Play_SFX_KillAI\\*.WWEV.meta chunk0patch1\\"
    },
    {
        "Command": "execute_system_command",
        "CommandLine": "copy WWEV\\chunk0.rpkg\\Play_SFX_PrecisionKill\\*.WWEV chunk0patch1\\"
    },
    {
        "Command": "execute_system_command",
        "CommandLine": "copy WWEV\\chunk0.rpkg\\Play_SFX_PrecisionKill\\*.WWEV.meta chunk0patch1\\"
    },
    {
        "Command": "generate_rpkg_from",
        "InputFolderPath": "chunk0patch1"
    }
]