[
    {
        "Command": "compute_ioi_hash",
        "OutputPath": "(Optional) Specifies an output folder path to use instead of the current directory",
        "StringToHash": "String to compute the IOI hash of"
    },
    {
        "Command": "decrypt_packagedefinition_thumbs",
        "OutputPath": "(Optional) Specifies an output folder path to use instead of the current directory",
        "FileToDecrypt": "Path to file to decrypt (use either the full system path or a path relative to where this JSON is placed during execution)"
    },
    {
        "Command": "encrypt_packagedefinition_thumbs",
        "OutputPath": "(Optional) Specifies an output folder path to use instead of the current directory",
        "FileToEncrypt": "Path to file to encrypt (use either the full system path or a path relative to where this JSON is placed during execution)"
    },
    {
        "Command": "extract_from_rpkg",
        "OutputPath": "(Optional) Specifies an output folder path to use instead of the current directory",
        "Filter": "(Optional) String to use as filter for this command (can be a single filter or multiple comma seperated filters)",
        "InputFilePath": "Path to RPKG file to extract from (use either the full system path or a path relative to where this JSON is placed during execution)"
    },
    {
        "Command": "extract_all_ores_from",
        "OutputPath": "(Optional) Specifies an output folder path to use instead of the current directory",
        "Filter": "(Optional) String to use as filter for this command (can be a single filter or multiple comma seperated filters)",
        "InputFolderPath": "Path to folder containing RPKG file(s) to extract from (use either the full system path or a path relative to where this JSON is placed during execution)"
    },
    {
        "Command": "extract_all_wwes_to_ogg_from",
        "OutputPath": "(Optional) Specifies an output folder path to use instead of the current directory",
        "Filter": "(Optional) String to use as filter for this command (can be a single filter or multiple comma seperated filters)",
        "InputFolderPath": "Path to folder containing RPKG file(s) to extract from (use either the full system path or a path relative to where this JSON is placed during execution)"
    },
    {
        "Command": "extract_all_wwev_to_ogg_from",
        "OutputPath": "(Optional) Specifies an output folder path to use instead of the current directory",
        "Filter": "(Optional) String to use as filter for this command (can be a single filter or multiple comma seperated filters)",
        "InputFolderPath": "Path to folder containing RPKG file(s) to extract from (use either the full system path or a path relative to where this JSON is placed during execution)"
    },
    {
        "Command": "extract_locr_to_json_from",
        "OutputPath": "(Optional) Specifies an output folder path to use instead of the current directory",
        "InputFolderPath": "Path to folder containing RPKG file(s) to extract from (use either the full system path or a path relative to where this JSON is placed during execution)"
    },
    {
        "Command": "generate_rpkg_from",
        "OutputPath": "(Optional) Specifies an output folder path to use instead of the current directory",
        "InputFolderPath": "Path to folder containing RPKG file(s) to extract from (use either the full system path or a path relative to where this JSON is placed during execution)"
    },
    {
        "Command": "hash_depends",
        "OutputPath": "(Optional) Specifies an output folder path to use instead of the current directory",
        "Filter": "String to use as filter for this command (can be a single filter or multiple comma seperated filters)",
        "InputFolderPath": "Path to folder containing RPKG file(s) to scan for hash depends (use either the full system path or a path relative to where this JSON is placed during execution)"
    },
    {
        "Command": "hash_probe",
        "OutputPath": "(Optional) Specifies an output folder path to use instead of the current directory",
        "Filter": "String to use as filter for this command (can be a single filter or multiple comma seperated filters)",
        "InputFolderPath": "Path to folder containing RPKG file(s) to probe the hashes of (use either the full system path or a path relative to where this JSON is placed during execution)"
    },
    {
        "Command": "rebuild_locr_from_json_from",
        "OutputPath": "(Optional) Specifies an output folder path to use instead of the current directory",
        "InputFolderPath": "Path to folder containing RPKG file(s) to rebuild from (use either the full system path or a path relative to where this JSON is placed during execution)"
    },
    {
        "Command": "rebuild_all_wwev_in",
        "OutputPath": "(Optional) Specifies an output folder path to use instead of the current directory",
        "InputFolderPath": "Path to folder containing RPKG file(s) to rebuild from (use either the full system path or a path relative to where this JSON is placed during execution)"
    },
    {
        "Command": "search_rpkg",
        "OutputPath": "(Optional) Specifies an output folder path to use instead of the current directory",
        "Filter": "(Optional) String to use as filter for this command (can be a single filter or multiple comma seperated filters)",
        "InputFilePath": "Path to RPKG file to search (use either the full system path or a path relative to where this JSON is placed during execution)",
        "SearchType": "This value defines the search type and must be one of these three options: text, hex, or regex",
        "SearchString": "This is the text, hex or regex to be used in the search of the RPKG's hash files/resources (Make sure to properly escape the regex if using the regex search option)"
    },
    {
        "Command": "execute_system_command",
        "CommandLine": "Command line string to be executed at the system level (before running rpkg with any input command JSON files make sure there are not nefarious commands listed)"
    }
]