[
    {
        "Command": "extract_from_rpkg",
        "InputFilePath": "C:\\Program Files\\Epic Games\\HITMAN3\\Runtime\\chunk0.rpkg"
    },
    {
        "Command": "extract_from_rpkg",
        "InputFilePath": "C:\\Program Files\\Epic Games\\HITMAN3\\Runtime\\chunk1.rpkg"
    },
    {
        "Command": "extract_from_rpkg",
        "InputFilePath": "C:\\Program Files\\Epic Games\\HITMAN3\\Runtime\\chunk2.rpkg"
    },
    {
        "Command": "extract_from_rpkg",
        "InputFilePath": "C:\\Program Files\\Epic Games\\HITMAN3\\Runtime\\chunk3.rpkg"
    },
    {
        "Command": "extract_from_rpkg",
        "InputFilePath": "C:\\Program Files\\Epic Games\\HITMAN3\\Runtime\\chunk4.rpkg"
    },
    {
        "Command": "extract_from_rpkg",
        "InputFilePath": "C:\\Program Files\\Epic Games\\HITMAN3\\Runtime\\chunk5.rpkg"
    },
    {
        "Command": "extract_from_rpkg",
        "InputFilePath": "C:\\Program Files\\Epic Games\\HITMAN3\\Runtime\\chunk6.rpkg"
    },
    {
        "Command": "extract_from_rpkg",
        "InputFilePath": "C:\\Program Files\\Epic Games\\HITMAN3\\Runtime\\chunk7.rpkg"
    },
    {
        "Command": "extract_from_rpkg",
        "InputFilePath": "C:\\Program Files\\Epic Games\\HITMAN3\\Runtime\\chunk8.rpkg"
    },
    {
        "Command": "extract_from_rpkg",
        "InputFilePath": "C:\\Program Files\\Epic Games\\HITMAN3\\Runtime\\chunk9.rpkg"
    },
    {
        "Command": "extract_from_rpkg",
        "InputFilePath": "C:\\Program Files\\Epic Games\\HITMAN3\\Runtime\\chunk10.rpkg"
    },
    {
        "Command": "extract_from_rpkg",
        "InputFilePath": "C:\\Program Files\\Epic Games\\HITMAN3\\Runtime\\chunk11.rpkg"
    },
    {
        "Command": "extract_from_rpkg",
        "InputFilePath": "C:\\Program Files\\Epic Games\\HITMAN3\\Runtime\\chunk12.rpkg"
    },
    {
        "Command": "extract_from_rpkg",
        "InputFilePath": "C:\\Program Files\\Epic Games\\HITMAN3\\Runtime\\chunk13.rpkg"
    },
    {
        "Command": "extract_from_rpkg",
        "InputFilePath": "C:\\Program Files\\Epic Games\\HITMAN3\\Runtime\\chunk14.rpkg"
    },
    {
        "Command": "extract_from_rpkg",
        "InputFilePath": "C:\\Program Files\\Epic Games\\HITMAN3\\Runtime\\chunk15.rpkg"
    },
    {
        "Command": "extract_from_rpkg",
        "InputFilePath": "C:\\Program Files\\Epic Games\\HITMAN3\\Runtime\\chunk16.rpkg"
    },
    {
        "Command": "extract_from_rpkg",
        "InputFilePath": "C:\\Program Files\\Epic Games\\HITMAN3\\Runtime\\chunk17.rpkg"
    },
    {
        "Command": "extract_from_rpkg",
        "InputFilePath": "C:\\Program Files\\Epic Games\\HITMAN3\\Runtime\\chunk18.rpkg"
    },
    {
        "Command": "extract_from_rpkg",
        "InputFilePath": "C:\\Program Files\\Epic Games\\HITMAN3\\Runtime\\chunk19.rpkg"
    },
    {
        "Command": "extract_from_rpkg",
        "InputFilePath": "C:\\Program Files\\Epic Games\\HITMAN3\\Runtime\\chunk20.rpkg"
    },
    {
        "Command": "extract_from_rpkg",
        "InputFilePath": "C:\\Program Files\\Epic Games\\HITMAN3\\Runtime\\chunk21.rpkg"
    },
    {
        "Command": "extract_from_rpkg",
        "InputFilePath": "C:\\Program Files\\Epic Games\\HITMAN3\\Runtime\\chunk22.rpkg"
    },
    {
        "Command": "extract_from_rpkg",
        "InputFilePath": "C:\\Program Files\\Epic Games\\HITMAN3\\Runtime\\chunk23.rpkg"
    },
    {
        "Command": "extract_from_rpkg",
        "InputFilePath": "C:\\Program Files\\Epic Games\\HITMAN3\\Runtime\\chunk24.rpkg"
    },
    {
        "Command": "extract_from_rpkg",
        "InputFilePath": "C:\\Program Files\\Epic Games\\HITMAN3\\Runtime\\chunk25.rpkg"
    },
    {
        "Command": "extract_from_rpkg",
        "InputFilePath": "C:\\Program Files\\Epic Games\\HITMAN3\\Runtime\\chunk26.rpkg"
    },
    {
        "Command": "extract_from_rpkg",
        "InputFilePath": "C:\\Program Files\\Epic Games\\HITMAN3\\Runtime\\chunk27.rpkg"
    }
]